BS007845,B.1.1.7,SAMD00738321,PRJDB17046,2021-04-19
BS007846,B.1.1.7,SAMD00738322,PRJDB17046,2021-04-25
BS007847,B.1.1.7,SAMD00738323,PRJDB17046,2021-04-26
BS007849,B.1.1.7,SAMD00738325,PRJDB17046,2021-04-26
BS007850,B.1.1.7,SAMD00738326,PRJDB17046,2021-04-26
BS007851,B.1.1.7,SAMD00738327,PRJDB17046,2021-04-26
BS007852,B.1.1.7,SAMD00738328,PRJDB17046,2021-04-26
BS007853,B.1.1.7,SAMD00738329,PRJDB17046,2021-04-27
BS007854,B.1.1.7,SAMD00738330,PRJDB17046,2021-04-27
BS007855,B.1.1.7,SAMD00738331,PRJDB17046,2021-04-27
BS007856,B.1.1.7,SAMD00738332,PRJDB17046,2021-04-27
BS007857,B.1.1.7,SAMD00738333,PRJDB17046,2021-04-27
BS007858,B.1.1.7,SAMD00738334,PRJDB17046,2021-04-28
BS007859,B.1.1.7,SAMD00738335,PRJDB17046,2021-04-28
BS007860,B.1.1.7,SAMD00738336,PRJDB17046,2021-04-28
BS007861,B.1.1.7,SAMD00738337,PRJDB17046,2021-04-28
BS007862,B.1.1.7,SAMD00738338,PRJDB17046,2021-04-28
BS007863,B.1.1.7,SAMD00738339,PRJDB17046,2021-04-30
BS007864,B.1.1.7,SAMD00738340,PRJDB17046,2021-05-06
BS007865,B.1.1.7,SAMD00738341,PRJDB17046,2021-05-06
BS007866,B.1.1.7,SAMD00738342,PRJDB17046,2021-05-06
BS007867,B.1.1.7,SAMD00738343,PRJDB17046,2021-05-06
BS007868,B.1.1.7,SAMD00738344,PRJDB17046,2021-05-06
BS007869,B.1.1.7,SAMD00738345,PRJDB17046,2021-05-06
BS007870,B.1.1.7,SAMD00738346,PRJDB17046,2021-05-06
BS007871,B.1.1.7,SAMD00738347,PRJDB17046,2021-05-06
BS007872,B.1.1.7,SAMD00738348,PRJDB17046,2021-05-07
BS007873,B.1.1.7,SAMD00738349,PRJDB17046,2021-05-07
BS007874,B.1.1.7,SAMD00738350,PRJDB17046,2021-05-07
BS007875,B.1.1.7,SAMD00738351,PRJDB17046,2021-05-10
BS007876,B.1.1.7,SAMD00738352,PRJDB17046,2021-05-10
BS007877,B.1.1.7,SAMD00738353,PRJDB17046,2021-05-11
BS007878,B.1.1.7,SAMD00738354,PRJDB17046,2021-05-12
BS007879,B.1.1.7,SAMD00738355,PRJDB17046,2021-05-13
BS007880,B.1.1.7,SAMD00738356,PRJDB17046,2021-05-13
BS007881,B.1.1.7,SAMD00738357,PRJDB17046,2021-05-13
BS007882,B.1.1.7,SAMD00738358,PRJDB17046,2021-05-13
BS007883,B.1.1.7,SAMD00738359,PRJDB17046,2021-05-16
BS007884,B.1.1.7,SAMD00738360,PRJDB17046,2021-05-17
BS007885,B.1.1.7,SAMD00738361,PRJDB17046,2021-05-17
BS007886,B.1.1.7,SAMD00738362,PRJDB17046,2021-05-18
BS007887,B.1.1.7,SAMD00738363,PRJDB17046,2021-05-19
BS007888,B.1.1.7,SAMD00738364,PRJDB17046,2021-05-19
BS007889,B.1.1.7,SAMD00738365,PRJDB17046,2021-05-20
BS007890,B.1.1.7,SAMD00738366,PRJDB17046,2021-05-20
BS007891,B.1.1.7,SAMD00738367,PRJDB17046,2021-05-20
BS007892,B.1.1.7,SAMD00738368,PRJDB17046,2021-05-20
BS007893,B.1.1.7,SAMD00738369,PRJDB17046,2021-05-21
PP708573,B.1.351,SAMN41047643,PRJNA767877,2021-04-02
PP697194,B.1.351,SAMN41012258,PRJNA749781,2021-04-11
PP697202,B.1.351,SAMN41012250,PRJNA749781,2021-04-12
PP697205,B.1.351,SAMN41012247,PRJNA749781,2021-04-12
PP697207,B.1.351,SAMN41012245,PRJNA749781,2021-04-12
PP697294,B.1.351,SAMN41012158,PRJNA749781,2021-04-24
PP604921,B.1.351,,PRJNA704697,2021-02-18
PP614208,B.1.351,SAMN22979587,PRJNA704697,2021-05-17
PP614229,B.1.351,SAMN22979613,PRJNA704697,2021-05-18
PP518796,B.1.351,,,2021-02-16
PP518928,B.1.351,,,2020-12-07
PP518929,B.1.351,,,2020-12-07
PP518930,B.1.351,,,2020-12-21
PP518931,B.1.351,,,2020-12-22
PP518932,B.1.351,,,2020-12-22
PP518933,B.1.351,,,2020-12-22
PP518934,B.1.351,,,2020-12-23
PP518947,B.1.351,,,2020-11-06
PP518960,B.1.351,,,2020-12-09
PP518972,B.1.351,,,2020-12-21
PP519009,B.1.351,,,2021-01-01
PP519011,B.1.351,,,2021-01-05
PP519017,B.1.351,,,2021-01-09
PP519104,B.1.351,,,2020-10-23
PP519112,B.1.351,,,2020-11-04
PP519172,B.1.351,,,2020-10-15
PP519194,B.1.351,,,2020-11-02
PP519199,B.1.351,,,2020-10-20
PP519200,B.1.351,,,2020-10-20
PP519201,B.1.351,,,2020-10-22
PP519209,B.1.351,,,2020-11-06
PP519211,B.1.351,,,2020-10-22
PP519213,B.1.351,,,2020-11-13
PP519217,B.1.351,,,2020-11-05
PP519218,B.1.351,,,2020-11-03
PP519220,B.1.351,,,2020-11-12
PP519221,B.1.351,,,2020-10-30
PP519236,B.1.351,,,2020-11-24
PP519247,B.1.351,,,2020-11-24
PP519252,B.1.351,,,2020-11-25
PP519283,B.1.351,,,2020-11-19
PP519809,B.1.351,,,2021-06-24
PP519830,B.1.351,,,2021-06-11
PP519831,B.1.351,,,2021-06-09
PP519838,B.1.351,,,2021-06-02
PP519857,B.1.351,,,2021-06-18
PP519860,B.1.351,,,2021-06-17
PP519879,B.1.351,,,2021-06-15
PP519896,B.1.351,,,2021-06-15
PP380212,B.1.617.2,,,2021-06-16
PP380215,B.1.617.2,,,2021-06-21
PP380230,B.1.617.2,,,2021-08-06
PP380231,B.1.617.2,,,2021-08-07
PP380234,B.1.617.2,,,2021-08-12
PP380238,B.1.617.2,,,2021-08-20
PP380249,B.1.617.2,,,2021-12-07
PP697298,B.1.617.2,SAMN41012154,PRJNA749781,2021-04-27
PP697433,B.1.617.2,SAMN41012016,PRJNA749781,2021-05-17
PP700764,B.1.617.2,SAMN41019061,PRJNA749781,2021-06-08
PP700858,B.1.617.2,SAMN41018967,PRJNA749781,2021-06-09
PP701000,B.1.617.2,SAMN41018824,PRJNA749781,2021-07-13
PP627662,B.1.617.2,,PRJNA749781,2021-07-20
PP627721,B.1.617.2,,PRJNA749781,2021-07-24
PP628071,B.1.617.2,,PRJNA749781,2021-08-12
PP628504,B.1.617.2,,PRJNA749781,2021-09-15
PP628814,B.1.617.2,,PRJNA749781,2021-09-01
PP628827,B.1.617.2,,PRJNA749781,2021-09-01
PP629168,B.1.617.2,,PRJNA749781,2021-08-23
PP629242,B.1.617.2,,PRJNA749781,2021-10-12
PP629252,B.1.617.2,,PRJNA749781,2021-10-14
PP629253,B.1.617.2,,PRJNA749781,2021-10-14
PP629254,B.1.617.2,,PRJNA749781,2021-10-14
PP629255,B.1.617.2,,PRJNA749781,2021-10-14
PP629311,B.1.617.2,,PRJNA749781,2021-10-18
PP630229,B.1.617.2,,PRJNA749781,2021-11-08
PP630242,B.1.617.2,,PRJNA749781,2021-10-23
PP630243,B.1.617.2,,PRJNA749781,2021-10-23
PP630433,B.1.617.2,,PRJNA749781,2021-11-09
PP630443,B.1.617.2,,PRJNA749781,2021-11-09
PP630448,B.1.617.2,,PRJNA749781,2021-11-09
PP630677,B.1.617.2,,PRJNA749781,2021-12-17
BS007901,B.1.617.2,SAMD00738377,PRJDB17046,2021-05-25
BS008105,B.1.617.2,SAMD00738581,PRJDB17046,2021-10-13
PP609014,B.1.617.2,SAMN20976986,PRJNA704697,2021-03-25
PP609015,B.1.617.2,SAMN20976987,PRJNA704697,2021-03-25
PP613235,B.1.617.2,SAMN21000153,PRJNA704697,2021-04-27
PP613274,B.1.617.2,SAMN21000208,PRJNA704697,2021-04-26
PP613307,B.1.617.2,SAMN21000252,PRJNA704697,2021-04-28
PP613416,B.1.617.2,SAMN21000404,PRJNA704697,2021-04-28
PP613439,B.1.617.2,SAMN22978351,PRJNA704697,2021-05-01
PP613463,B.1.617.2,SAMN22978381,PRJNA704697,2021-05-01
PP613524,B.1.617.2,SAMN22978473,PRJNA704697,2021-05-01
PP613541,B.1.617.2,SAMN22978496,PRJNA704697,2021-05-01
PP613618,B.1.617.2,SAMN22978607,PRJNA704697,2021-05-03
PP613691,B.1.617.2,SAMN22978890,PRJNA704697,2021-05-04
PP613695,B.1.617.2,SAMN22978896,PRJNA704697,2021-05-04
PP613707,B.1.617.2,SAMN22978909,PRJNA704697,2021-05-04
PP613756,B.1.617.2,SAMN22978987,PRJNA704697,2021-05-06
PP613770,B.1.617.2,SAMN22979001,PRJNA704697,2021-05-08
PP522355,B.1.1.529,,,2022-02-15
OR887433,B.1.1.529,,,2023-11-19
OR887434,B.1.1.529,,,2023-11-19
OR887435,B.1.1.529,,,2023-11-19
OR887436,B.1.1.529,,,2023-11-19
OR887437,B.1.1.529,,,2023-11-19
OR887438,B.1.1.529,,,2023-11-19
OY975765,B.1.1.529,SAMEA14012785,PRJEB37886,2021-12-12
OY917923,B.1.1.529,SAMEA13983866,PRJEB37886,2022-02-06
OY922794,B.1.1.529,SAMEA12706889,PRJEB37886,2021-12-17
OY929124,B.1.1.529,SAMEA13968298,PRJEB37886,2022-02-13
OY932377,B.1.1.529,SAMEA12681470,PRJEB37886,2021-12-26
OY941572,B.1.1.529,SAMEA12673704,PRJEB37886,2021-12-20
OY942621,B.1.1.529,SAMEA12705396,PRJEB37886,2021-12-20
OY966514,B.1.1.529,SAMEA13969302,PRJEB37886,2022-01-03
OY968344,B.1.1.529,SAMEA12655720,PRJEB37886,2021-12-20
OY909793,B.1.1.529,SAMEA12729524,PRJEB37886,
OY889008,B.1.1.529,SAMEA12721704,PRJEB37886,2021-12-26
OY891845,B.1.1.529,SAMEA13987693,PRJEB37886,2022-03-12
OR729868,B.1.1.529,,,2021-03-11
OR725981,B.1.1.529,,,2022-10-01
OR725982,B.1.1.529,,,2022-10-15
OR725983,B.1.1.529,,,2022-10-29
OR717328,B.1.1.529,,,2022-10-15
OR647515,B.1.1.529,,,2021-12-13
OR626633,B.1.1.529,,,1905-07-14
OY622313,B.1.1.529,SAMEA113317444,PRJEB37886,2022-01-17
OY623760,B.1.1.529,SAMEA113316137,PRJEB37886,2021-12-20
OY624026,B.1.1.529,SAMEA113314953,PRJEB37886,2022-02-03
OY624534,B.1.1.529,SAMEA113316565,PRJEB37886,2022-02-05
OY624851,B.1.1.529,SAMEA113316641,PRJEB37886,2022-01-31
OY625982,B.1.1.529,SAMEA113315471,PRJEB37886,2021-12-21
OY626169,B.1.1.529,SAMEA113315718,PRJEB37886,2022-02-05
OY626693,B.1.1.529,SAMEA113319120,PRJEB37886,2022-02-05
OY626851,B.1.1.529,SAMEA113320928,PRJEB37886,2022-02-05
OY627239,B.1.1.529,SAMEA113317774,PRJEB37886,2022-02-05
OY627422,B.1.1.529,SAMEA113318134,PRJEB37886,2022-01-11
OY627815,B.1.1.529,SAMEA113321763,PRJEB37886,2022-02-05
OY628538,B.1.1.529,SAMEA113320904,PRJEB37886,2022-02-05
OY628597,B.1.1.529,SAMEA113319501,PRJEB37886,2022-02-05
OY628747,B.1.1.529,SAMEA113320068,PRJEB37886,2022-02-03
OY629011,B.1.1.529,SAMEA113320065,PRJEB37886,2022-01-04
OY631983,B.1.1.529,SAMEA113318031,PRJEB37886,2022-02-24
OY632324,B.1.1.529,SAMEA113321741,PRJEB37886,2022-02-17
OY632397,B.1.1.529,SAMEA113321597,PRJEB37886,2022-02-25
OY632544,B.1.1.529,SAMEA113319708,PRJEB37886,2022-02-05
OY632834,B.1.1.529,SAMEA113320519,PRJEB37886,2022-02-05
OY633491,B.1.1.529,SAMEA113320864,PRJEB37886,2021-12-20
OY635902,B.1.1.529,SAMEA113329201,PRJEB37886,2022-02-13
OY636411,B.1.1.529,SAMEA113330121,PRJEB37886,2022-02-05
OU260449,AY.8,,,2021-04-21
OU265809,AY.98,,,2021-04-30
OU293087,AY.87,,,2021-05-18
OU335568,AY.9,,,2021-06-09
OU398601,AY.91,,,2021-02-07
MZ341320,AY.77,,,2021-05-13
MZ746345,B.1.617.2,,,2021-07-19
OU358136,AY.91.1,,,2021-06-11
BS001453,AY.75.3,,,2021-07-27
OU242646,AY.9,,,2021-04-04
MZ491769,AY.74,,,2021-06-10
OU360448,AY.61,,,2021-06-07
MZ701873,B.1.617.2,,,2021-05-04
MZ655085,B.1.617.2,,,2021-06-27
MZ690018,B.1.617.2,,,2021-07-07
OU706356,AY.69,,,2021-07-01
OU429099,B.1.617.2,,,2021-06-16
OU273271,AY.90,,,2021-05-02
OU377291,AY.88,,,2021-06-26
OU429828,B.1.617.2,,,2021-06-30
MZ888537,AY.85,,,2021-07-02
OU576502,AY.84,,,2021-08-03
MZ518587,AY.64,,,2021-05-30
OU271218,AY.7,,,2021-05-01
OU326507,AY.95,,,2021-05-19
MZ654959,AY.3,,,2021-07-01
MZ779752,B.1.617.3,,,2021-03-01
OK548189,Q.3,,,2021-01-02
MW617687,B.1.429.1,,,2021-01-27
MW763128,B.1.351,,,2021-02-21
MW854297,Q.2,,,2021-03-10
MW972888,B.1.429,,,2020-09-14
LR991699,B.1.1.7,,,2020-09-20
OU015160,B.1.621,,,2021-01-01
MZ562758,B.1.617.1,,,2021-02-08
OK193740,B.1.621,,,2021-03-18
OU014436,B.1.1.7,,,2021-01-01
MW932549,Q.4,,,2021-03-29
MZ056105,Q.6,,,2021-04-08
OK293078,B.1.621.1,,,2021-04-09
MZ239485,B.1.1.7,,,2021-02-03
OV754178,BA.2,,,2022-01-17
OM898676,AY.99.2,,,2021-06-25
OM873778,BA.1,,,2022-02-16
OK248388,B.1.621,,,2021-06-18
OW123901,BA.2,,,2021-11-09
OU252206,Q.8,,,2021-04-12
MZ034671,B.1.1.7,,,2021-04-10
OD913776,B.1.525,,,2020-12-15
OK626882,B.1.617.2,,,2021-01-01
OU154827,AY.92,,,2021-04-30
OU555196,AY.63,,,2021-08-06
EPI_ISL_402124,B,,,2019-12-30
NC_045512,B,,PRJNA485481,2019-12-30
